faction,count,name,position,points,type,effect,typeA,effectA,typeB,effectB
dead,4,Soldat,any,1,IMMÉDIAT,Détruisez un personnage en position front_icon.,,,,
dead,3,Moires,front,2,IMMÉDIAT,Prenez une carte de votre cimetière dans votre main.,,,,
dead,2,Compagnon,back,2,IMMÉDIAT,Copiez l'effet IMMÉDIAT d'un personnage de votre cimetière.,,,,
dead,2,Corbeau,back,1,PERMANENT,Fin de tour : vous pouvez détruire un allié pour gagner 1 point permanent.,,,,
dead,2,Hydre,front,4,IMMÉDIAT,Contrainte : détruisez un allié en position back_icon.,,,,
dead,1,Enfant,back,6,PERMANENT,"Début de tour, Contrainte&nbsp;: si vous ne gagnez pas la partie, détruisez ce personnage.",,,,
dead,1,Impératrice,any,1,IMMÉDIAT,Jouez un personnage de votre cimetière sur votre terrain.,,,,
dead,1,Monarque,front,X,PERMANENT,X est égal au nombre de cartes dans votre cimetière.,,,,
demons,4,Bestiole,any,1,IMMÉDIAT,Renvoyez un ennemi en position front_icon dans la main de son propriétaire.,,,,
demons,3,Mignon,back,0,IMMÉDIAT,Gagnez 2 points permanents.,,,,
demons,2,Cornu,front,3,IMMÉDIAT,Contrainte : renvoyez un allié dans votre main.,,,,
demons,2,Malins,any,1,IMMÉDIAT,Jouez un personnage supplémentaire ce tour.,,,,
demons,2,Œil,front,2,IMMÉDIAT,Vous pouvez défausser des cartes de votre main pour piocher le même nombre de cartes.,,,,
demons,1,Cyclope,front,6,IMMÉDIAT,Contrainte : les autres joueurs gagnent 1 point permanent.,,,,
demons,1,Poulpe,back,1,PERMANENT,Fin de tour : vous pouvez défausser une carte de votre main pour gagner 2 points permanents.,,,,
demons,1,Protecteur,front,X,PERMANENT,X vaut la moitié (inférieure) de votre total de points permanents.,,,,
desert,5,Moine,back,0,IMMÉDIAT,Donnez l'altération force à 2 personnages.,,,,
desert,2,Dresseur,any,2,PERMANENT,"Lorsque ce personnage reçoit une altération, piochez 1 carte.",,,,
desert,2,Gladiateur,front,X,PERMANENT,X vaut 2 + le nombre d'altérations force présentes sur ce personnage.,,,,
desert,2,Monstre,front,3,IMMÉDIAT,Contrainte : détruisez un allié avec des points de base à 0.,,,,
desert,2,Punisseur,back,1,IMMÉDIAT,Détruisez un personnage ayant une altération.,,,,
desert,1,Orphelins,back,0,PERMANENT,Fin de tour : donnez l'altération force à un personnage en position front_icon.,,,,
desert,1,Prince,any,0,IMMÉDIAT,Donnez l'altération force à tous les alliés de la faction desert_icon.,,,,
desert,1,Ver,back,6,PERMANENT,"Début de tour, Contrainte&nbsp;: défaussez 1 carte de votre main.",,,,
dwarf,4,Simple,front,2,IMMÉDIAT,Donnez l'altération protection à un personnage.,,,,
dwarf,3,Nerveux,front,2,IMMÉDIAT,Détruisez un autre allié puis détruisez un ennemi en position front_icon.,,,,
dwarf,2,Allergique,back,0,IMMÉDIAT,Déplacez une altération d'un personnage vers un autre personnage.,,,,
dwarf,2,Peureux,any,X,PERMANENT,"X vaut 4 si ce personnage a l'altération protection, sinon X vaut 0.",,,,
dwarf,2,Ravi,front,3,IMMÉDIAT,Donnez l'altération protection à ce personnage.,,,,
dwarf,1,Fainéant,back,0,IMMÉDIAT,Donnez l'altération protection à 3 alliés.,,,,
dwarf,1,Mascotte,front,0,PERMANENT,"Lorsqu'un allié reçoit une altération, gagnez 1 point permanent.",,,,
dwarf,1,Patron,front,4,PERMANENT,Ne fait rien.,,,,
fairies,5,Bienfaitrice,back,1,IMMÉDIAT,Donnez l'altération écho à un personnage en position front_icon.,,,,
fairies,2,Enchanteresse,any,1,IMMÉDIAT,Gagnez autant de points permanents que les points de base de ce personnage.,,,,
fairies,2,Expiatrice,any,1,IMMÉDIAT,Piochez 1 carte OU défaussez 1 carte de votre main pour gagner 2 points permanents.,,,,
fairies,2,Fourbe,back,0,IMMÉDIAT,"Détruisez un ennemi en position front_icon, s'il possède une altération, placez-la sur ce personnage.",,,,
fairies,2,Marraine,front,3,IMMÉDIAT,Contrainte : échangez ce personnage avec un personnage en position front_icon d'un autre joueur.,,,,
fairies,1,Cavalière,front,X,PERMANENT,X vaut le nombre d'alliés en position front_icon avec un effet IMMÉDIAT sur votre terrain (max. 5).,,,,
fairies,1,Maléfique,front,6,IMMÉDIAT,Contrainte : placez l'altération écho sur un personnage en position front_icon de chaque autre joueur.,,,,
fairies,1,Pure,back,0,PERMANENT,Vous pouvez choisir d'ignorer les effets IMMÉDIAT des alliés que vous jouez pour leur donner l'altération écho.,,,,
gangsters,4,Aveugle,back,1,IMMÉDIAT,Pariez pour détruire :<br>1) un allié &emsp;2-3) un personnage front_icon <br>4-5) un personnage back_icon 6) un personnage.,,,,
gangsters,3,Leprechaun,any,1,IMMÉDIAT,Pariez pour :<br>1-3) rien 4) gagner 1 point permanent <br>5-6) piocher et jouer une nouvelle carte.,,,,
gangsters,2,Croupier,front,3,PERMANENT,"Chaque fois que vous faites un pari, piochez 1 carte.",,,,
gangsters,2,Imitatrice,back,2,IMMÉDIAT,Copiez l'effet IMMÉDIAT d'un allié gangster_icon.,,,,
gangsters,2,Valet,front,2,PERMANENT,Une fois par tour : vous pouvez relancer un pari.,,,,
gangsters,1,Double Face,back,2,PERMANENT,Fin de tour : pariez pour donner 1 point permanent à :<br>impair) un autre joueur<br>pair) vous-même.,,,,
gangsters,1,Pistolero,front,2,IMMÉDIAT,Pariez pour :<br>1-5) renvoyer cet allié dans votre main<br>6) détruire un personnage et gagnez ses points de base en points permanents.,,,,
gangsters,1,Tricheur,back,0,PERMANENT,Le premier pari de chaque tour donne toujours le résultat 6.,,,,
hell,4,Ombre,back,0,IMMÉDIAT,Rejouez ce tour.,,,,
hell,3,Fou,any,0,PERMANENT,"Si ce personnage est détruit pendant votre tour, gagnez 3 points permanents.",,,,
hell,2,Assassin,back,0,PERMANENT,Début de tour : vous pouvez faire un sacrifice pour détruire un ennemi en position front_icon.,,,,
hell,2,Cerbère,front,X,PERMANENT,X vaut à 1 + le nombre d'alliés avec des points de base à 0.,,,,
hell,2,Dragon,front,3,PERMANENT,Fin de tour : vous pouvez faire un sacrifice pour piocher 1 carte.,,,,
hell,1,Golem,any,6,PERMANENT,"Fin de tour, Contrainte&nbsp;: vous devez faire un sacrifice.",,,,
hell,1,Seigneur,front,2,IMMÉDIAT,"Contrainte: sacrifiez tous vos alliés avec des points de base à 0, gagnez 1 point permanent par allié sacrifié.",,,,
hell,1,Tentatrice,front,2,IMMÉDIAT,Vous pouvez faire un sacrifice pour prendre un ennemi avec 0 point de base dans votre main.,,,,
horror,4,Clown,front,2,PERMANENT,Ce personnage ne peut pas être détruit par un effet adversaire.,,,,
horror,3,Exorciste,front,1,IMMÉDIAT,Détruisez un personnage de la faction horror_icon,,,,
horror,2,Antéchrist,back,0,IMMÉDIAT,Détruisez un personnage qui n'est pas de la faction horror_icon.,,,,
horror,2,Nonne,back,0,,,IMMÉDIAT,Placez un ennemie en position front_icon sur votre terrain.,PERMANENT,"Si un adversaire détruit ce personnage, il peut placer un de vos alliés sur son terrain."
horror,2,Psychopathe,front,4,PERMANENT,Le joueur qui détruit ce personnage le place sur son terrain.,,,,
horror,1,Boucher,any,2,PERMANENT,Gagnez 1 point permanent chaque fois que vous détruisez un ennemi.,,,,
horror,1,Diable,front,3,IMMÉDIAT,Contrainte : tous les joueurs doivent détruire un de leur personnage en position back_icon.,,,,
horror,1,Poupée,any,3,IMMÉDIAT,"Révélez une carte de la pioche, si elle a un effet IMMÉDIAT, copiez-le.",,,,
humans,4,Villageois,any,0,IMMÉDIAT,Donnez l'altération encouragé à ce personnage.,,,,
humans,3,Garde,front,2,IMMÉDIAT,Piochez 2 cartes puis défaussez 2 cartes.,,,,
humans,2,Archer,back,1,IMMÉDIAT,Détruisez un personnage en position back_icon.,,,,
humans,2,Chevalier,front,3,PERMANENT,"Contrainte : Si un allié en position back_icon est détruit par un effet adverse, détruisez ce personnage à la place.",,,,
humans,2,Prêtre,back,1,IMMÉDIAT,Copiez l'effet IMMÉDIAT d'un allié en position front_icon.,,,,
humans,1,Barde,front,2,IMMÉDIAT,"Révélez 1 carte de la pioche, vous pouvez la jouer s'il est de la même faction que ce personnage, sinon gardez-la en main.",,,,
humans,1,Reine,back,0,IMMÉDIAT,Donnez l'altération encouragé à un autre allié.,,,,
humans,1,Roi,back,X,PERMANENT,"X vaut 5 si vous avez 4 alliés de la faction human_icon, sinon X vaut 0.",,,,
imps,5,Calme,any,2,IMMÉDIAT,Donnez l'altération silence à un personnage.,,,,
imps,2,Bébé,back,1,PERMANENT,"Lorsqu'un personnage unique est joué ou placé sur votre terrain, gagnez 1 point permanent.",,,,
imps,2,Danseur,front,3,IMMÉDIAT,Contrainte : Donnez l'altération silence à un allié avec un effet PERMANENT.,,,,
imps,2,Marchand,front,X,PERMANENT,X est égal au nombre de factions différentes sur votre terrain.,,,,
imps,2,Musicien,front,2,IMMÉDIAT,Déplacez les altérations de vos alliés vers d'autres alliés.,,,,
imps,1,Diacre,back,5,PERMANENT,"Fin de tour, Contrainte&nbsp;: choisissez un adversaire, il gagne 1 point permanent.",,,,
imps,1,Mal,front,7,PERMANENT,Contrainte : vous ne pouvez pas gagner la partie. Détruisez ce personnage s'il n'y a plus de carte dans la pioche.,,,,
imps,1,Voyageur,front,3,,,IMMÉDIAT,Gagnez 3 points permanents.,PERMANENT,"Fin de tour, Contrainte : placez ce personnage sur le terrain d'un autre joueur."
mages,4,Élève,any,X,PERMANENT,X est égal au nombre d'alliés avec X points de base.,,,,
mages,3,Apprentie,front,X,PERMANENT,X vaut 3.,,,,
mages,2,Comploteur,front,4,IMMÉDIAT,Contrainte : détruisez un allié avec un effet PERMANENT.,,,,
mages,2,Espion,any,2,IMMÉDIAT,"Défaussez 1 carte, puis piochez 2 cartes.",,,,
mages,2,Rats,back,1,IMMÉDIAT,Détruisez un personnage avec X point de base.,,,,
mages,1,Divinité,back,X,PERMANENT,X est égal aux points de base de votre meilleur allié en position front_icon. Les points X ne sont pas pris en compte.,,,,
mages,1,Professeur,back,0,IMMÉDIAT,Gagnez 1 point permanent pour chaque allié avec X points de base.,,,,
mages,1,Sage,any,1,IMMÉDIAT,"Regardez la main d'un joueur, vous pouvez échanger une carte de sa main avec une carte la votre.",,,,
mountain,4,Bonhomme,back,1,IMMÉDIAT,Donnez l'altération gel à un personnage en position front_icon.,,,,
mountain,3,Yéti,front,2,PERMANENT,"Lorsque ce personnage reçoit l'altération gel, gagnez 2 points permanents.",,,,
mountain,2,Ancêtre,any,0,IMMÉDIAT,Supprimez une ou plusieurs altérations d'un personnage puis gagnez 1 point permanent.,,,,
mountain,2,Barbare,front,3,IMMÉDIAT,Contrainte : échangez votre main avec celle d'un autre joueur.,,,,
mountain,2,Sorcière,front,3,IMMÉDIAT,Contrainte : Donnez l'altération gel à un allié.,,,,
mountain,1,Bête,back,X,PERMANENT,X vaut 2 + le nombre d'alliés avec une ou plusieurs altérations.,,,,
mountain,1,Géant,back,5,PERMANENT,"Fin de tour, Contrainte&nbsp;: donnez l'altération gel à un allié.",,,,
mountain,1,Lézard,any,0,IMMÉDIAT,Supprimez jusqu'à 3 altérations à des ennemis ou à des alliés.,,,,
robots,4,Minibot,any,2,IMMÉDIAT,Piochez 1 carte.,,,,
robots,3,Recycleur,front,2,IMMÉDIAT,Prenez 1 carte de la défausse dans votre main.,,,,
robots,2,Armure,front,4,IMMÉDIAT,Contrainte : défaussez 1 carte de votre main.,,,,
robots,2,Drône,back,1,IMMÉDIAT,Tous les adversaires doivent défausser 1 carte de leur main.,,,,
robots,2,Traqueur,back,0,PERMANENT,Fin de tour : vous pouvez défausser 1 carte de votre main pour détruire un ennemi en position front_icon.,,,,
robots,1,Arme,any,5,PERMANENT,Contrainte : Vous ne piochez plus de carte au début de vos tours.,,,,
robots,1,Mère,back,X,PERMANENT,"Fin de tour : X vaut 5 si vous n'avez plus de carte en main, sinon X vaut 0.",,,,
robots,1,Super héro,any,1,,,IMMÉDIAT,Piochez 3 cartes.,PERMANENT,Vous n'avez plus de limite de cartes en main.
trolls,4,Avorton,front,3,PERMANENT,"Lorsque ce personnage est détruit, piochez 1 carte.",,,,
trolls,3,Imbécile,any,1,IMMÉDIAT,"Contrainte : détruisez un allié, gagnez ses points de base en points permanents.",,,,
trolls,2,Comptable,any,1,PERMANENT,"Lorsque ce personnage est détruit, gagnez 2 points permanents.",,,,
trolls,2,Kamikaze,front,2,PERMANENT,"Lorsque ce personnage est détruit, détruisez un personnage en position front_icon.",,,,
trolls,2,Prophète,back,1,IMMÉDIAT,Détruisez un allié puis placez un allié de votre cimetière sur votre terrain.,,,,
trolls,1,Brute,back,6,PERMANENT,"Début de tour, Contrainte&nbsp;: vous devez détruire un allié.",,,,
trolls,1,Chamane,back,1,PERMANENT,Gagnez 1 point permanent chaque fois qu'un autre allié est détruit.,,,,
trolls,1,Lanceur,front,3,IMMÉDIAT,Contrainte : détruisez 2 alliés pour détruire un ennemi.,,,,
